"id","CC","bmi","snp","bmi456"
1,0,7.66750695166701,0,0
2,1,4.34050343948692,0,0
3,0,1.33585085779563,1,0
4,1,10.7950899963361,0,0
5,0,2.0794251058147,0,0
6,0,0.51211204198259,0,0
7,0,-6.43991648861087,0,0
8,1,6.31248694600441,1,0
9,1,-4.33163957305982,0,0
