"id","CC","bmi","snp","bmi456"
1,0,1.22921763495824,1,1.22921763495824
2,0,2.1472498652738,0,2.1472498652738
3,0,-0.684132878763968,1,-0.684132878763968
4,0,3.80600935131922,1,3.80600935131922
5,1,-0.479464333023447,1,-0.479464333023447
6,1,-4.53252093827982,1,-4.53252093827982
7,0,-2.44211517947451,2,-2.44211517947451
8,1,-0.164338874406994,2,-0.164338874406994
9,0,-2.63507946095464,0,-2.63507946095464
