"id","CC","bmi","snp","bmi456"
1,0,-6.36439969364934,0,0
2,1,3.19801590688516,0,0
3,1,-4.9810856890538,1,0
4,1,5.47198016195693,1,0
5,1,0.992372583898462,0,0
6,1,0.88967978985227,1,0
7,0,-6.80705188579821,0,0
8,1,-0.554375325374927,0,0
9,0,4.57310216350413,0,0
