"id","CC","bmi","snp","bmi456"
1,1,-1.26229409039093,0,-1.26229409039093
2,0,2.88314300794622,0,2.88314300794622
3,0,-0.923841877268366,1,-0.923841877268366
4,0,-0.295228488028805,0,-0.295228488028805
5,0,-1.84568720212756,0,-1.84568720212756
6,0,2.14991433092703,1,2.14991433092703
7,1,1.42518769063457,2,1.42518769063457
8,0,-7.70438800745904,1,-7.70438800745904
9,1,5.12653831825825,1,5.12653831825825
