"id","CC","bmi","snp","bmi456"
1,1,-0.163298428951283,1,-0.163298428951283
2,0,1.22326370786119,1,1.22326370786119
3,0,2.05159082774768,0,2.05159082774768
4,0,-4.39937794257428,1,-4.39937794257428
5,0,1.43035103454722,0,1.43035103454722
6,1,9.07830955483718,1,9.07830955483718
7,0,-4.10524753912446,0,-4.10524753912446
8,0,0.932990825109535,0,0.932990825109535
9,0,-0.727362293391934,0,-0.727362293391934
